equipmentId,name,scope,gymId,kind,unit,step,min,max,barWeight,smallestPlate,loads
functional-dumbbells,Mancuernas,SHARED,,,,,,,,,
functional-olympic-barbell,Barra olímpica,SHARED,,,,,,,,,
functional-cable-station,Estación de Poleas,SHARED,,,,,,,,,
sf-sd-eq-polea-alta,Polea alta,SHARED,,,,,,,,,
sf-sd-eq-polea-baja,Polea baja,SHARED,,,,,,,,,
sf-sd-eq-matrix-abdominal-machine,Abdominal Machine Matrix,SHARED,,,,,,,,,
sf-sd-eq-matrix-abductor-adductor,Abductor / Adductor Matrix,SHARED,,,,,,,,,
sf-sd-eq-impulse-vertical-chest-adduction,Aducción Vertical (cross over vertical) de Pecho Impulse,SHARED,,,,,,,,,
functional-hyperextension-bench,Banco ajustable para hiperextensión de espalda baja,SHARED,,,,,,,,,
sf-sd-eq-banco-predicador,Banco predicador,SHARED,,,,,,,,,
sf-sd-eq-barra-fija,Barra fija,SHARED,,,,,,,,,
functional-trap-bar,Barra hexagonal,SHARED,,,,,,,,,
sf-sd-eq-barras-paralelas,Barras paralelas,SHARED,,,,,,,,,
sf-sd-eq-belt-squat,Belt Squat,SHARED,,,,,,,,,
sf-sd-eq-matrix-biceps-curl,Curl de Bíceps placas Matrix,SHARED,,,,,,,,,
sf-sd-eq-matrix-seated-leg-curl,Curl Femoral Sentado Matrix,SHARED,,,,,,,,,
sf-sd-eq-extension-de-rodilla,Extensión de rodilla,SHARED,,,,,,,,,
sf-sd-eq-matrix-knee-extension,Extensión de Rodilla Matrix,SHARED,,,,,,,,,
sf-sd-eq-matrix-seated-dip,Fondos sentado Matrix,SHARED,,,,,,,,,
sf-sd-eq-matrix-glute-machine,Glute Machine Matrix,SHARED,,,,,,,,,
sf-sd-eq-hack-squat,Hack squat,SHARED,,,,,,,,,
sf-sd-eq-hip-thrust-machine,Hip Thrust Machine,SHARED,,,,,,,,,
sf-sd-converging-lat-pulldown-plate-loaded,Máquina plate-loaded · discos,SHARED,,,,,,,,,
sf-sd-eq-matrix-pec-fly-reverse-deck,Pec Fly / Reverse Pec Deck placas Matrix,SHARED,,,,,,,,,
sf-sd-eq-polea-ajustable,Polea ajustable,SHARED,,,,,,,,,
sf-sd-eq-prensa-de-pierna,Prensa de pierna,SHARED,,,,,,,,,
sf-sd-eq-matrix-leg-press-selectorized,Prensa de Pierna Matrix peso integrado,SHARED,,,,,,,,,
sf-sd-eq-matrix-converging-shoulder-press,Press de Hombro Convergente Matrix,SHARED,,,,,,,,,
sf-sd-eq-impulse-shoulder-press-plate-loaded,Press de Hombro discos Impulse,SHARED,,,,,,,,,
sf-sd-eq-impulse-chest-press-plate-loaded,Press de Pecho discos Impulse,SHARED,,,,,,,,,
sf-sd-eq-matrix-chest-press-selectorized,Press de Pecho placas Matrix,SHARED,,,,,,,,,
sf-sd-eq-impulse-seated-chest-press,Press de Pecho Sentado Impulse,SHARED,,,,,,,,,
sf-sd-eq-impulse-incline-press-plate-loaded,Press Inclinado discos Impulse,SHARED,,,,,,,,,
sf-sd-eq-impulse-chest-supported-incline-row,Remo Inclinado con Apoyo de Pecho discos Impulse,SHARED,,,,,,,,,
sf-sd-eq-impulse-seated-row-plate-loaded,Remo Sentado discos Impulse,SHARED,,,,,,,,,
sf-sd-eq-matrix-diverging-seated-row,Remo Sentado Divergente placas Matrix,SHARED,,,,,,,,,
sf-sd-eq-sentadilla-pendular,Sentadilla Pendular,SHARED,,,,,,,,,
sf-sd-eq-smith,Smith,SHARED,,,,,,,,,
functional-adjustable-bench,Banco multiposición,SHARED,,,,,,,,,
